email,gender,city,state,last,phone,registered,username,dob,CURRENT_TS
manuel.vega@example.com,male,logroño,galicia,vega,999-272-743,1033204621,blackcat360,131231496,2023-01-15T17:21:11.642+05:30
joaquin.cano@example.com,male,logroño,región de murcia,cano,941-317-498,1271109176,blackbird999,1180340490,2023-01-15T17:21:11.642+05:30
alicia.arias@example.com,female,santa cruz de tenerife,navarra,arias,921-908-945,936118133,crazyfish363,980491765,2023-01-15T17:21:11.642+05:30
josefina.cabrera@example.com,female,santa cruz de tenerife,andalucía,cabrera,934-579-817,1215251757,silversnake466,200215366,2023-01-15T17:21:11.642+05:30
nicolas.aguilar@example.com,male,alcobendas,melilla,aguilar,901-509-388,1427894367,lazybird210,135697225,2023-01-15T17:21:11.642+05:30
esteban.campos@example.com,male,la coruña,ceuta,campos,992-224-069,1194064548,whitemeercat642,1298441879,2023-01-15T17:21:11.642+05:30
hugo.vicente@example.com,male,valencia,melilla,vicente,912-597-509,1280771438,orangeswan777,354569878,2023-01-15T17:21:11.642+05:30
mohamed.castro@example.com,male,orihuela,comunidad valenciana,castro,980-792-625,1095111239,silvermeercat305,779026447,2023-01-15T17:21:11.642+05:30
mohamed.moreno@example.com,male,zaragoza,cantabria,moreno,997-918-886,1120614832,silverelephant994,1369673379,2023-01-15T17:21:11.642+05:30
tomas.molina@example.com,male,mérida,castilla la mancha,molina,926-695-949,1316299024,brownswan856,1038291560,2023-01-15T17:21:11.642+05:30
sergio.jimenez@example.com,male,toledo,cantabria,jimenez,967-809-286,1308539694,heavymeercat291,1421257507,2023-01-15T17:21:11.642+05:30
antonia.soto@example.com,female,alicante,castilla la mancha,soto,963-894-397,1302869028,crazymeercat379,97238152,2023-01-15T17:21:11.642+05:30
juan.pastor@example.com,male,torrente,región de murcia,pastor,926-066-519,1211902861,redlion795,1249764696,2023-01-15T17:21:11.642+05:30
clara.rojas@example.com,female,cuenca,la rioja,rojas,909-095-900,1059075578,brownpanda912,867310878,2023-01-15T17:21:11.642+05:30
veronica.sanz@example.com,female,ferrol,asturias,sanz,918-209-182,1355379897,smallgoose459,1252338878,2023-01-15T17:21:11.642+05:30
jordi.ramirez@example.com,male,málaga,cantabria,ramirez,951-709-914,1016557171,blackleopard934,28758678,2023-01-15T17:21:11.642+05:30
cesar.vega@example.com,male,oviedo,asturias,vega,917-160-895,978390467,beautifulladybug783,132404462,2023-01-15T17:21:11.642+05:30
paula.vargas@example.com,female,oviedo,aragón,vargas,908-221-458,1142312792,bluerabbit133,315772577,2023-01-15T17:21:11.642+05:30
lorena.perez@example.com,female,zaragoza,región de murcia,perez,993-131-863,1248646408,tinymeercat173,231439650,2023-01-15T17:21:11.642+05:30
juana.sanz@example.com,female,bilbao,castilla la mancha,sanz,903-687-400,1292523862,redostrich637,1256199178,2023-01-15T17:21:11.642+05:30
rafael.herrero@example.com,male,santander,ceuta,herrero,910-336-421,959082834,blackkoala411,1340069411,2023-01-15T17:21:11.642+05:30
magdalena.gomez@example.com,female,zaragoza,islas baleares,gomez,910-894-740,1125542781,heavyelephant162,159774109,2023-01-15T17:21:11.642+05:30
oscar.delgado@example.com,male,oviedo,canarias,delgado,924-376-169,1263167806,goldenpanda788,850610305,2023-01-15T17:21:11.642+05:30
virginia.cabrera@example.com,female,torrente,ceuta,cabrera,927-099-452,917993703,brownbird774,975461675,2023-01-15T17:21:11.642+05:30
magdalena.castillo@example.com,female,fuenlabrada,aragón,castillo,964-123-787,1225756100,organicduck636,144289919,2023-01-15T17:21:11.642+05:30
dolores.velasco@example.com,female,san sebastián,asturias,velasco,994-338-134,1155682461,blackgoose930,1185154695,2023-01-15T17:21:11.642+05:30
emilia.vidal@example.com,female,lorca,navarra,vidal,997-012-385,1069382580,yellowbird496,1303166462,2023-01-15T17:21:11.642+05:30
sergio.vazquez@example.com,male,alicante,islas baleares,vazquez,913-666-638,1175384392,goldenrabbit214,80630803,2023-01-15T17:21:11.642+05:30
ramon.arias@example.com,male,san sebastián de los reyes,navarra,arias,931-044-110,944972629,smallbird825,702938554,2023-01-15T17:21:11.642+05:30
hugo.ortega@example.com,male,torrevieja,cataluña,ortega,949-560-029,933784731,yellowelephant603,201485509,2023-01-15T17:21:11.642+05:30
aurora.gil@example.com,female,pozuelo de alarcón,aragón,gil,946-170-251,1229536430,ticklishfrog319,243671839,2023-01-15T17:21:11.642+05:30
mercedes.fuentes@example.com,female,valladolid,aragón,fuentes,987-791-033,1089379973,silverlion210,584282865,2023-01-15T17:21:11.642+05:30
encarnacion.caballero@example.com,female,santa cruz de tenerife,canarias,caballero,991-060-038,1374651577,purpletiger203,87625303,2023-01-15T17:21:11.642+05:30
nicolas.castillo@example.com,male,san sebastián de los reyes,galicia,castillo,953-856-409,1381784891,heavykoala875,35266290,2023-01-15T17:21:11.642+05:30
yolanda.diaz@example.com,female,vitoria,asturias,diaz,935-204-941,970817590,smallleopard695,1346948370,2023-01-15T17:21:11.642+05:30
julian.fuentes@example.com,male,torrejón de ardoz,país vasco,fuentes,947-049-696,1008322994,heavybird566,368198930,2023-01-15T17:21:11.642+05:30
jonathan.pascual@example.com,male,palma de mallorca,cantabria,pascual,979-830-946,1207975958,whitewolf847,1428864762,2023-01-15T17:21:11.642+05:30
elena.ramos@example.com,female,pamplona,cantabria,ramos,981-146-822,985999924,orangebear563,898994067,2023-01-15T17:21:11.642+05:30
victor.santana@example.com,male,burgos,melilla,santana,931-074-483,1148375416,bluefrog861,216213546,2023-01-15T17:21:11.642+05:30
felipe.pastor@example.com,male,ciudad real,comunidad de madrid,pastor,919-985-846,1427347097,tinydog818,229635789,2023-01-15T17:21:11.642+05:30
lidia.flores@example.com,female,la coruña,aragón,flores,919-422-698,1139840016,greenbutterfly288,352809216,2023-01-15T17:21:11.642+05:30
joan.ramos@example.com,male,málaga,país vasco,ramos,906-030-576,1211579364,goldenbutterfly446,147358567,2023-01-15T17:21:11.642+05:30
mohamed.lorenzo@example.com,male,alcobendas,canarias,lorenzo,952-260-250,1185829057,beautifulfrog621,1241646483,2023-01-15T17:21:11.642+05:30
asuncion.fernandez@example.com,female,granada,región de murcia,fernandez,902-029-437,1272620299,purplewolf554,768715516,2023-01-15T17:21:11.642+05:30
felix.garcia@example.com,male,pontevedra,galicia,garcia,931-820-083,1330189420,brownmeercat638,19232708,2023-01-15T17:21:11.642+05:30
alfredo.moya@example.com,male,arrecife,melilla,moya,921-134-907,1123912409,smallgoose275,745346126,2023-01-15T17:21:11.642+05:30
claudia.marquez@example.com,female,madrid,comunidad valenciana,marquez,961-320-749,1172223361,beautifulbear518,579280547,2023-01-15T17:21:11.642+05:30
alex.cortes@example.com,male,oviedo,galicia,cortes,970-281-371,1403906587,heavysnake672,1221948814,2023-01-15T17:21:11.642+05:30
andrea.navarro@example.com,female,elche,navarra,navarro,939-719-089,1186046334,purplepanda235,742171983,2023-01-15T17:21:11.642+05:30
alfredo.cortes@example.com,male,alcalá de henares,comunidad de madrid,cortes,955-154-988,1261244947,whiteladybug869,897012438,2023-01-15T17:21:11.642+05:30
christian.rubio@example.com,male,madrid,comunidad de madrid,rubio,911-696-843,1411624701,silverlion260,1377744569,2023-01-15T17:21:11.642+05:30
hector.iglesias@example.com,male,torrevieja,islas baleares,iglesias,996-323-496,1280362137,lazyostrich560,1261636421,2023-01-15T17:21:11.642+05:30
victor.gimenez@example.com,male,móstoles,melilla,gimenez,972-863-016,1370468017,silverfish977,1288047190,2023-01-15T17:21:11.642+05:30
miguel.perez@example.com,male,arrecife,comunidad valenciana,perez,978-874-931,1267643367,bluekoala870,941363872,2023-01-15T17:21:11.642+05:30
angeles.herrero@example.com,female,arrecife,cataluña,herrero,949-212-878,1282147642,beautifuldog392,838471455,2023-01-15T17:21:11.642+05:30
marcos.cano@example.com,male,albacete,asturias,cano,958-417-162,1402861455,organictiger863,1123016347,2023-01-15T17:21:11.642+05:30
daniela.leon@example.com,female,oviedo,asturias,leon,911-229-882,951068052,brownelephant585,1342172756,2023-01-15T17:21:11.642+05:30
natalia.herrero@example.com,female,cartagena,andalucía,herrero,908-531-474,1171335841,heavytiger504,1361099450,2023-01-15T17:21:11.642+05:30
raquel.santos@example.com,female,las palmas de gran canaria,extremadura,santos,987-438-907,1214372084,tinywolf763,110291960,2023-01-15T17:21:11.642+05:30
ricardo.vazquez@example.com,male,vigo,región de murcia,vazquez,927-753-712,1094113993,blackfrog251,809976461,2023-01-15T17:21:11.642+05:30
pedro.perez@example.com,male,murcia,andalucía,perez,941-661-123,1176246308,silvertiger374,799494711,2023-01-15T17:21:11.642+05:30
marc.perez@example.com,male,cartagena,la rioja,perez,946-151-983,998753317,heavybird180,1017788013,2023-01-15T17:21:11.642+05:30
josefina.peña@example.com,female,orihuela,asturias,peña,970-513-370,1141950075,organicrabbit263,98706687,2023-01-15T17:21:11.642+05:30
antonia.herrera@example.com,female,vitoria,canarias,herrera,906-361-696,1199170725,yellowmeercat221,913448547,2023-01-15T17:21:11.642+05:30
eugenio.delgado@example.com,male,barcelona,islas baleares,delgado,905-921-134,1418031011,whiteostrich133,1232731041,2023-01-15T17:21:11.642+05:30
isaac.jimenez@example.com,male,ciudad real,galicia,jimenez,986-503-573,973552729,silvergoose298,420047069,2023-01-15T17:21:11.642+05:30
alex.santos@example.com,male,sevilla,castilla la mancha,santos,966-012-901,1048749453,heavyfrog573,985221963,2023-01-15T17:21:11.642+05:30
daniela.rubio@example.com,female,san sebastián de los reyes,cantabria,rubio,933-063-853,960168493,organicdog197,439518232,2023-01-15T17:21:11.642+05:30
cristina.nuñez@example.com,female,toledo,comunidad de madrid,nuñez,975-179-541,959029627,tinybear540,1194642849,2023-01-15T17:21:11.642+05:30
esther.mendez@example.com,female,sevilla,comunidad valenciana,mendez,941-492-058,1067419823,beautifulostrich735,212238982,2023-01-15T17:21:11.642+05:30
teresa.vicente@example.com,female,vigo,navarra,vicente,922-857-624,1107470147,goldenpanda914,1242640868,2023-01-15T17:21:11.642+05:30
alejandra.delgado@example.com,female,pontevedra,la rioja,delgado,935-026-106,1029859697,purplelion875,403150057,2023-01-15T17:21:11.642+05:30
rosa.gallardo@example.com,female,lorca,castilla la mancha,gallardo,968-235-513,1163246621,orangepeacock937,333032459,2023-01-15T17:21:11.642+05:30
victor.alvarez@example.com,male,torrente,galicia,alvarez,930-159-188,1088379524,organictiger542,1343082204,2023-01-15T17:21:11.642+05:30
marco.rojas@example.com,male,zaragoza,castilla la mancha,rojas,961-474-381,1369321130,orangebutterfly568,277106918,2023-01-15T17:21:11.642+05:30
esperanza.flores@example.com,female,las palmas de gran canaria,ceuta,flores,996-032-029,1284142084,redgorilla856,1297170169,2023-01-15T17:21:11.642+05:30
emilia.ruiz@example.com,female,hospitalet de llobregat,aragón,ruiz,936-892-646,995172909,crazybear324,192232256,2023-01-15T17:21:11.642+05:30
german.romero@example.com,male,granada,comunidad valenciana,romero,977-184-303,1155424959,smallelephant814,1401260816,2023-01-15T17:21:11.642+05:30
diego.moya@example.com,male,madrid,castilla y león,moya,961-163-898,1083033096,silvermouse708,493195109,2023-01-15T17:21:11.642+05:30
eduardo.muñoz@example.com,male,madrid,islas baleares,muñoz,934-109-552,955797287,tinybear402,952811570,2023-01-15T17:21:11.642+05:30
esteban.perez@example.com,male,guadalajara,navarra,perez,967-784-654,1273314036,greengoose114,805406946,2023-01-15T17:21:11.642+05:30
valentin.sanchez@example.com,male,ciudad real,asturias,sanchez,921-875-641,1292679423,silverfish645,622583495,2023-01-15T17:21:11.642+05:30
arturo.velasco@example.com,male,san sebastián,castilla y león,velasco,905-431-593,979827210,heavybutterfly210,1275607255,2023-01-15T17:21:11.642+05:30
olga.cortes@example.com,female,granada,galicia,cortes,966-177-659,1374751249,blackbear751,118273630,2023-01-15T17:21:11.642+05:30
lorenzo.hernandez@example.com,male,valencia,galicia,hernandez,961-768-560,1147174709,whitecat707,223769590,2023-01-15T17:21:11.642+05:30
magdalena.duran@example.com,female,málaga,comunidad de madrid,duran,991-434-854,997909008,lazybird241,667726939,2023-01-15T17:21:11.642+05:30
gabriel.caballero@example.com,male,vitoria,comunidad valenciana,caballero,976-022-992,1400387675,tinywolf700,1100805486,2023-01-15T17:21:11.642+05:30
albert.rodriguez@example.com,male,la coruña,andalucía,rodriguez,916-894-797,1240863598,greenduck314,983406098,2023-01-15T17:21:11.642+05:30
virginia.ortega@example.com,female,palma de mallorca,país vasco,ortega,933-332-470,1072076824,heavygorilla281,1086547347,2023-01-15T17:21:11.642+05:30
ricardo.castillo@example.com,male,toledo,cantabria,castillo,984-856-465,1028077704,blackkoala298,503454421,2023-01-15T17:21:11.642+05:30
josefa.perez@example.com,female,pamplona,cantabria,perez,989-664-084,1362451552,orangebear732,964523550,2023-01-15T17:21:11.642+05:30
vanesa.parra@example.com,female,madrid,extremadura,parra,982-914-381,1316538404,beautifulrabbit630,713119482,2023-01-15T17:21:11.642+05:30
elisa.esteban@example.com,female,móstoles,castilla la mancha,esteban,979-344-517,1227439409,organicfish609,591237111,2023-01-15T17:21:11.642+05:30
lorenzo.dominguez@example.com,male,torrevieja,asturias,dominguez,958-587-036,1000137761,purpleleopard157,1124925481,2023-01-15T17:21:11.642+05:30
vicente.garcia@example.com,male,albacete,navarra,garcia,968-389-780,1122948280,whitemouse730,516774682,2023-01-15T17:21:11.642+05:30
esteban.molina@example.com,male,lugo,comunidad valenciana,molina,998-829-893,1163281741,brownduck801,327820741,2023-01-15T17:21:11.642+05:30
anna.santos@example.com,female,móstoles,cantabria,santos,902-011-895,1435332679,goldenfish327,1289636178,2023-01-15T17:21:11.642+05:30
jaime.torres@example.com,male,almería,melilla,torres,907-724-768,1434640211,bluegorilla773,28291343,2023-01-15T17:21:11.642+05:30
ignacio.santiago@example.com,male,alcalá de henares,ceuta,santiago,980-206-734,1379099502,silvermouse142,1157624924,2023-01-15T17:21:11.642+05:30
julio.aguilar@example.com,male,gijón,asturias,aguilar,909-685-432,1140806009,orangeleopard484,650768936,2023-01-15T17:21:11.642+05:30
